course_code,competency,competency_score,keyword_score,total_score
COMM 280 (102-103/201-202),Entrepreneurial Mindset,0.6945692300796509,0.5005373060703278,0.5975532680749893
COMM 280 (102-103/201-202),Opportunity Recognition,0.24149318411946297,0.2335616573691368,0.2375274207442999
COMM 280 (102-103/201-202),Market Research,0.2718224264681339,0.3718418153002858,0.32183212088420987
COMM 280 (102-103/201-202),Product Development,0.19867624901235104,0.2746726106852293,0.23667442984879017
COMM 280 (102-103/201-202),Marketing,0.29932989180088043,0.24083146825432777,0.2700806800276041
COMM 280 (102-103/201-202),Business Modeling,0.3907944969832897,0.5975096747279167,0.4941520858556032
COMM 280 (102-103/201-202),Managerial Decision Making,0.18890901282429695,0.15258380072191358,0.17074640677310526
COMM 280 (102-103/201-202),Legal ,0.24097192846238613,0.16306470520794392,0.20201831683516502
COMM 280 (102-103/201-202),Financial Decision Making,0.42507936526089907,0.428243663161993,0.42666151421144605
COMM 280 (102-103/201-202),Observational skills,0.3650585636496544,0.6006772108376026,0.4828678872436285
COMM 280 (102-103/201-202),Creativity skills,0.34013961255550385,0.6331437174230814,0.4866416649892926
COMM 280 (102-103/201-202),Problem solving skills,0.42246972024440765,0.38603099435567856,0.4042503573000431
COMM 280 (102-103/201-202),Communication skills,0.254018098115921,0.5183552950620651,0.3861866965889931
COMM 280 (102-103/201-202),Decision-making skills,0.5419686250388622,0.7262365072965622,0.6341025661677122
COMM 280 (102-103/201-202),Planning and project managing skills,0.47345514595508575,0.575586125254631,0.5245206356048584
COMM 280 (102-103/201-202),Networking skills,0.09347478672862053,0.1874798657372594,0.14047732623293996
COMM 280 (102-103/201-202),Negotiating skills,0.08037305856123567,0.186292028054595,0.13333254330791533
COMM 280 (102-103/201-202),Self-Aware,0.45005054399371147,0.8233945071697235,0.6367225255817175
COMM 280 (102-103/201-202),Enterprising Traits,0.5857647135853767,0.5175725482404232,0.5516686309129
COMM 280 (102-103/201-202),Self-Directed,0.3050932800688315,0.5052393767982721,0.4051663284335518
COMM 280 (102-103/201-202),Teamwork,0.40814994904212654,0.40170117537491024,0.4049255622085184
COMM 280 (102-103/201-202),Uncertainty Management,0.13092714408412576,0.6329867336899042,0.381956938887015
COMM 280 (101 + 203),Entrepreneurial Mindset,0.6187357753515244,0.5928913690149784,0.6058135721832514
COMM 280 (101 + 203),Opportunity Recognition,0.2690933421254158,0.3862526910379529,0.32767301658168435
COMM 280 (101 + 203),Market Research,0.2498879535123706,0.3596942815929651,0.30479111755266786
COMM 280 (101 + 203),Product Development,0.23645683750510216,0.5570584610104561,0.3967576492577791
COMM 280 (101 + 203),Marketing,0.2719133794307709,0.2925084326416254,0.28221090603619814
COMM 280 (101 + 203),Business Modeling,0.5812726654112339,0.7891162782907486,0.6851944718509912
COMM 280 (101 + 203),Managerial Decision Making,0.04583365606958978,0.01959417888429016,0.03271391747693997
COMM 280 (101 + 203),Legal ,0.08839980745688081,0.06004520950955339,0.0742225084832171
COMM 280 (101 + 203),Financial Decision Making,0.38103393465280533,0.3803380969911814,0.38068601582199335
COMM 280 (101 + 203),Observational skills,0.263587165158242,0.5604648916050792,0.4120260283816606
COMM 280 (101 + 203),Creativity skills,0.3706909753382206,0.8943345993757248,0.6325127873569727
COMM 280 (101 + 203),Problem solving skills,0.3217876843409613,0.4327807081863284,0.37728419626364484
COMM 280 (101 + 203),Communication skills,0.5837627500295639,0.758806400001049,0.6712845750153065
COMM 280 (101 + 203),Decision-making skills,0.10817125486209989,0.27995796874165535,0.19406461180187762
COMM 280 (101 + 203),Planning and project managing skills,0.23049611109308898,0.5307759363204241,0.38063602370675653
COMM 280 (101 + 203),Networking skills,0.0632967792917043,0.26603740779682994,0.16466709354426712
COMM 280 (101 + 203),Negotiating skills,0.03217382825096138,0.12090308556798846,0.07653845690947492
COMM 280 (101 + 203),Self-Aware,0.25264741480350494,0.7773628681898117,0.5150051414966583
COMM 280 (101 + 203),Enterprising Traits,0.5430772043764591,0.627870786935091,0.5854739956557751
COMM 280 (101 + 203),Self-Directed,0.05826851772144437,0.4182024709880352,0.23823549435473979
COMM 280 (101 + 203),Teamwork,0.4514005705714226,0.4947433127090335,0.47307194164022803
COMM 280 (101 + 203),Uncertainty Management,0.11014783883001655,0.5074924528598785,0.30882014584494755
COMM 382/COMR 382,Entrepreneurial Mindset,0.6143823604692112,0.5019962299953807,0.558189295232296
COMM 382/COMR 382,Opportunity Recognition,0.3535815032029694,0.18672433097592808,0.2701529170894487
COMM 382/COMR 382,Market Research,0.3245762418108908,0.36625927847556095,0.3454177601432259
COMM 382/COMR 382,Product Development,0.32865522856908763,0.4228574762290174,0.37575635239905253
COMM 382/COMR 382,Marketing,0.3107576537877321,0.3064750283109871,0.30861634104935964
COMM 382/COMR 382,Business Modeling,0.34630095662379806,0.3839674869721586,0.36513422179797833
COMM 382/COMR 382,Managerial Decision Making,0.36297963707792485,0.24375683297826486,0.30336823502809485
COMM 382/COMR 382,Legal ,0.103255611251701,0.13292940212836998,0.11809250669003549
COMM 382/COMR 382,Financial Decision Making,0.3192139561288059,0.2396611919287931,0.2794375740287995
COMM 382/COMR 382,Observational skills,0.3862523873421279,0.6667862602255561,0.526519323783842
COMM 382/COMR 382,Creativity skills,0.5588363815437664,0.6650111551650546,0.6119237683544105
COMM 382/COMR 382,Problem solving skills,0.5390399494631724,0.4222017205743627,0.4806208350187675
COMM 382/COMR 382,Communication skills,0.4428876648572358,0.453797040337866,0.4483423525975509
COMM 382/COMR 382,Decision-making skills,0.5701199644668535,0.7609573253853754,0.6655386449261145
COMM 382/COMR 382,Planning and project managing skills,0.39140509020283143,0.400908903980797,0.3961569970918142
COMM 382/COMR 382,Networking skills,0.12601803393441846,0.07891261139461263,0.10246532266451555
COMM 382/COMR 382,Negotiating skills,0.16283717717636714,0.22136630431156268,0.1921017407439649
COMM 382/COMR 382,Self-Aware,0.4001790407029065,0.6007216559215025,0.5004503483122045
COMM 382/COMR 382,Enterprising Traits,0.5776874826035716,0.5127763084389947,0.5452318955212831
COMM 382/COMR 382,Self-Directed,0.0897017949345437,0.3725810684263706,0.23114143168045714
COMM 382/COMR 382,Teamwork,0.38727282326329837,0.2967561658641154,0.3420144945637069
COMM 382/COMR 382,Uncertainty Management,0.2722366345115006,0.5071574854241176,0.3896970599678091
"COMM 383, prev 386D",Entrepreneurial Mindset,0.4674186632037163,0.5717275887727737,0.519573125988245
"COMM 383, prev 386D",Opportunity Recognition,0.3324010670185089,0.32899066526442766,0.3306958661414683
"COMM 383, prev 386D",Market Research,0.26604374311864376,0.26506900414824486,0.2655563736334443
"COMM 383, prev 386D",Product Development,0.23000591434538364,0.3228924199938774,0.2764491671696305
"COMM 383, prev 386D",Marketing,0.21400282625108957,0.22856774926185608,0.22128528775647283
"COMM 383, prev 386D",Business Modeling,0.3178096506744623,0.27276391349732876,0.29528678208589554
"COMM 383, prev 386D",Managerial Decision Making,0.29533700831234455,0.3474417719990015,0.321389390155673
"COMM 383, prev 386D",Legal ,0.1520468182861805,0.23776023089885712,0.1949035245925188
"COMM 383, prev 386D",Financial Decision Making,0.24543056823313236,0.19227828620932996,0.21885442722123116
"COMM 383, prev 386D",Observational skills,0.5006746593862772,0.7182469815015793,0.6094608204439282
"COMM 383, prev 386D",Creativity skills,0.38765324652194977,0.3506926354020834,0.3691729409620166
"COMM 383, prev 386D",Problem solving skills,0.4825214482843876,0.3894110368564725,0.43596624257043004
"COMM 383, prev 386D",Communication skills,0.5249563883990049,0.3426586801651865,0.43380753428209573
"COMM 383, prev 386D",Decision-making skills,0.39425474777817726,0.5753319002687931,0.4847933240234852
"COMM 383, prev 386D",Planning and project managing skills,0.3933595884591341,0.38004343397915363,0.38670151121914387
"COMM 383, prev 386D",Networking skills,0.27632631827145815,0.19144046469591558,0.23388339148368686
"COMM 383, prev 386D",Negotiating skills,0.21847575600259006,0.26589781418442726,0.24218678509350866
"COMM 383, prev 386D",Self-Aware,0.4458990078419447,0.7230709753930569,0.5844849916175008
"COMM 383, prev 386D",Enterprising Traits,0.5357523672282696,0.2859746628382709,0.41086351503327023
"COMM 383, prev 386D",Self-Directed,0.04569910984719172,0.2952508043963462,0.17047495712176897
"COMM 383, prev 386D",Teamwork,0.41428285278379917,0.38010242208838463,0.3971926374360919
"COMM 383, prev 386D",Uncertainty Management,0.3711621928960085,0.48955320194363594,0.4303576974198222
COMM 386L,Entrepreneurial Mindset,0.34924538619816303,0.28045458951964974,0.3148499878589064
COMM 386L,Opportunity Recognition,0.41815801057964563,0.22274896572344005,0.32045348815154284
COMM 386L,Market Research,0.21157100657001138,0.21966650511603802,0.2156187558430247
COMM 386L,Product Development,0.08908852841705084,0.08500719105359167,0.08704785973532125
COMM 386L,Marketing,0.09012917082873173,0.03375597291596932,0.06194257187235053
COMM 386L,Business Modeling,0.1565237755421549,0.12160195835167542,0.13906286694691516
COMM 386L,Managerial Decision Making,0.11921902187168598,0.08971588488202542,0.1044674533768557
COMM 386L,Legal ,0.1534677316667512,0.06139759260986466,0.10743266213830793
COMM 386L,Financial Decision Making,0.29121248656883836,0.2791899447911419,0.2852012156799901
COMM 386L,Observational skills,0.27422950108302757,0.49324450083076954,0.38373700095689856
COMM 386L,Creativity skills,0.14722085496759973,0.25283581111580133,0.20002833304170053
COMM 386L,Problem solving skills,0.2792462413199246,0.20527660229709,0.2422614218085073
COMM 386L,Communication skills,0.4883886193856597,0.5545526761561632,0.5214706477709115
COMM 386L,Decision-making skills,0.2142187828430906,0.4850943083874881,0.34965654561528936
COMM 386L,Planning and project managing skills,0.1465884477365762,0.18712632547249086,0.16685738660453353
COMM 386L,Networking skills,0.15029607340693474,0.10087770081008784,0.1255868871085113
COMM 386L,Negotiating skills,0.05536997033050284,0.11337024415843189,0.08437010724446736
COMM 386L,Self-Aware,0.33115332666784525,0.6678133420646191,0.49948333436623216
COMM 386L,Enterprising Traits,0.4432969503104687,0.23079668637365103,0.33704681834205985
COMM 386L,Self-Directed,0.13008480772259645,0.30930916173383594,0.2196969847282162
COMM 386L,Teamwork,0.3602566597983241,0.0952041088603437,0.2277303843293339
COMM 386L,Uncertainty Management,0.12058475060621276,0.13622628129087389,0.12840551594854333
COMM 386I,Entrepreneurial Mindset,0.40431248148282367,0.2570505506462521,0.3306815160645379
COMM 386I,Opportunity Recognition,0.3082212677432431,0.1837126794271171,0.2459669735851801
COMM 386I,Market Research,0.11871318063802189,0.15718697198705436,0.13795007631253814
COMM 386I,Product Development,0.18382130935788155,0.20418506948691276,0.19400318942239714
COMM 386I,Marketing,0.19660668033692572,0.15114577361641246,0.1738762269766691
COMM 386I,Business Modeling,0.25000350094503826,0.11211450211703777,0.18105900153103802
COMM 386I,Managerial Decision Making,0.18130989000201225,0.12042075747417079,0.15086532373809153
COMM 386I,Legal ,0.08620078753059109,0.055080334500720106,0.07064056101565559
COMM 386I,Financial Decision Making,0.28596292436122894,0.1930978207124604,0.23953037253684467
COMM 386I,Observational skills,0.2422877255206307,0.6296138163242075,0.43595077092241913
COMM 386I,Creativity skills,0.1933899059270819,0.36424093114005196,0.27881541853356695
COMM 386I,Problem solving skills,0.3363735096774892,0.29939006695834297,0.3178817883179161
COMM 386I,Communication skills,0.4570962224000444,0.6073508821427822,0.5322235522714133
COMM 386I,Decision-making skills,0.49587701607702506,0.6079207638071643,0.5518988899420947
COMM 386I,Planning and project managing skills,0.12942386846083942,0.12601622944283816,0.1277200489518388
COMM 386I,Networking skills,0.06347194383852184,0.05254221510323179,0.05800707947087681
COMM 386I,Negotiating skills,0.14077086749926415,0.1300020998136865,0.13538648365647532
COMM 386I,Self-Aware,0.29954883580406505,0.6793403393692441,0.48944458758665454
COMM 386I,Enterprising Traits,0.5006410264306598,0.28107633503774804,0.39085868073420393
COMM 386I,Self-Directed,0.134600248769857,0.24111396426128018,0.18785710651556858
COMM 386I,Teamwork,0.35903042803208035,0.22290559532120824,0.2909680116766443
COMM 386I,Uncertainty Management,0.14250314401255715,0.13487080513732508,0.1386869745749411
COMM 387/COMR 387/COEC 387,Entrepreneurial Mindset,0.6793569709573474,0.6107968773160662,0.6450769241367068
COMM 387/COMR 387/COEC 387,Opportunity Recognition,0.4476308247872761,0.404174410871097,0.4259026178291866
COMM 387/COMR 387/COEC 387,Market Research,0.289377896381276,0.44436644124133245,0.36687216881130424
COMM 387/COMR 387/COEC 387,Product Development,0.21059309531535422,0.39162091777793,0.30110700654664213
COMM 387/COMR 387/COEC 387,Marketing,0.17997798070843732,0.23142780430082763,0.20570289250463247
COMM 387/COMR 387/COEC 387,Business Modeling,0.328708589343088,0.43376849059547695,0.3812385399692825
COMM 387/COMR 387/COEC 387,Managerial Decision Making,0.24157889666301863,0.3044005408883095,0.272989718775664
COMM 387/COMR 387/COEC 387,Legal ,0.1679784660892827,0.3538890503613012,0.26093375822529197
COMM 387/COMR 387/COEC 387,Financial Decision Making,0.5545354613236019,0.6778661140373775,0.6162007876804897
COMM 387/COMR 387/COEC 387,Observational skills,0.40161033613341196,0.8292113798005241,0.615410857966968
COMM 387/COMR 387/COEC 387,Creativity skills,0.3939458706549236,0.5895760314805167,0.49176095106772016
COMM 387/COMR 387/COEC 387,Problem solving skills,0.5642346101147788,0.6013223060539791,0.5827784580843789
COMM 387/COMR 387/COEC 387,Communication skills,0.433119209749358,0.5638174627508435,0.4984683362501008
COMM 387/COMR 387/COEC 387,Decision-making skills,0.5296235531568527,0.8086390580449786,0.6691313056009156
COMM 387/COMR 387/COEC 387,Planning and project managing skills,0.4475720748305321,0.42577958958489553,0.4366758322077138
COMM 387/COMR 387/COEC 387,Networking skills,0.3312067554465362,0.4198757010911192,0.37554122826882774
COMM 387/COMR 387/COEC 387,Negotiating skills,0.3623498124735696,0.43452037471745697,0.3984350935955133
COMM 387/COMR 387/COEC 387,Self-Aware,0.5253014096191951,0.7676070162228176,0.6464542129210064
COMM 387/COMR 387/COEC 387,Enterprising Traits,0.7046189521040235,0.6220221460929939,0.6633205490985087
COMM 387/COMR 387/COEC 387,Self-Directed,0.18937641185974435,0.5458234788051674,0.3675999453324559
COMM 387/COMR 387/COEC 387,Teamwork,0.48565044360501425,0.48033316087509903,0.48299180224005667
COMM 387/COMR 387/COEC 387,Uncertainty Management,0.32445093776498524,0.620412996837071,0.4724319673010281
COMM/COMR 388,Entrepreneurial Mindset,0.5596081241965294,0.5600260645151138,0.5598170943558216
COMM/COMR 388,Opportunity Recognition,0.4167306646704674,0.28996486961841583,0.3533477671444416
COMM/COMR 388,Market Research,0.17264643125236034,0.22016382543370128,0.1964051283430308
COMM/COMR 388,Product Development,0.212253175675869,0.412698432803154,0.3124758042395115
COMM/COMR 388,Marketing,0.2252080850303173,0.23020859993994236,0.22770834248512983
COMM/COMR 388,Business Modeling,0.31810909509658813,0.33695728704333305,0.3275331910699606
COMM/COMR 388,Managerial Decision Making,0.434988297522068,0.4575793892145157,0.44628384336829185
COMM/COMR 388,Legal ,0.08627290837466717,0.13679785374552011,0.11153538106009364
COMM/COMR 388,Financial Decision Making,0.24867256358265877,0.19516005739569664,0.2219163104891777
COMM/COMR 388,Observational skills,0.13182951044291258,0.5475482884794474,0.33968889946117997
COMM/COMR 388,Creativity skills,0.7268635416985489,0.7205885456351098,0.7237260436668294
COMM/COMR 388,Problem solving skills,0.790549173951149,0.7259702980518341,0.7582597360014915
COMM/COMR 388,Communication skills,0.537473764270544,0.6510748416185379,0.594274302944541
COMM/COMR 388,Decision-making skills,0.5281969346106052,0.62085978128016,0.5745283579453826
COMM/COMR 388,Planning and project managing skills,0.29546199180185795,0.4951174184679985,0.3952897051349282
COMM/COMR 388,Networking skills,0.21698005497455597,0.3489179639145732,0.2829490094445646
COMM/COMR 388,Negotiating skills,0.08101178798824549,0.6777667477726936,0.37938926788046956
COMM/COMR 388,Self-Aware,0.29146264865994453,0.838713750243187,0.5650881994515657
COMM/COMR 388,Enterprising Traits,0.8221989721059799,0.620234887348488,0.721216929727234
COMM/COMR 388,Self-Directed,0.07312485738657415,0.09822934796102345,0.0856771026737988
COMM/COMR 388,Teamwork,0.7600423246622086,0.7390108928084373,0.749526608735323
COMM/COMR 388,Uncertainty Management,0.5288668721914291,0.4098045746795833,0.4693357234355062
COMM 389,Entrepreneurial Mindset,0.5706980004906654,0.571393609046936,0.5710458047688007
COMM 389,Opportunity Recognition,0.37883270159363747,0.2934310585260391,0.3361318800598383
COMM 389,Market Research,0.24066028371453285,0.24492619605734944,0.24279323988594115
COMM 389,Product Development,0.27020808681845665,0.33427569642663,0.30224189162254333
COMM 389,Marketing,0.23657584562897682,0.14507433865219355,0.19082509214058518
COMM 389,Business Modeling,0.31763478741049767,0.2056087525561452,0.26162176998332143
COMM 389,Managerial Decision Making,0.3395706042647362,0.29466167092323303,0.3171161375939846
COMM 389,Legal ,0.12406622804701328,0.09765742195304483,0.11086182500002906
COMM 389,Financial Decision Making,0.18448803201317787,0.08512475853785872,0.1348063952755183
COMM 389,Observational skills,0.40686687640845776,0.7908002585172653,0.5988335674628615
COMM 389,Creativity skills,0.9580896347761154,0.8827962428331375,0.9204429388046265
COMM 389,Problem solving skills,0.5545101277530193,0.381632212549448,0.4680711701512337
COMM 389,Communication skills,0.6540654748678207,0.864955261349678,0.7595103681087494
COMM 389,Decision-making skills,0.27797291055321693,0.465671441052109,0.37182217580266297
COMM 389,Planning and project managing skills,0.34653873706702143,0.31906207744032145,0.33280040725367144
COMM 389,Networking skills,0.23713411763310432,0.4559708310989663,0.3465524743660353
COMM 389,Negotiating skills,0.24215983599424362,0.43924202769994736,0.3407009318470955
COMM 389,Self-Aware,0.5569481998682022,0.892446294426918,0.7246972471475601
COMM 389,Enterprising Traits,0.6984768956899643,0.5232194438576698,0.6108481697738171
COMM 389,Self-Directed,0.2906373362056911,0.33105600613635033,0.3108466711710207
COMM 389,Teamwork,0.6739466190338135,0.5254790922626853,0.5997128556482494
COMM 389,Uncertainty Management,0.32300666719675064,0.7029887139797211,0.5129976905882359
COMM 466/APSC486/APSC496A/E  = 2 Term Course,Entrepreneurial Mindset,0.5637208819389343,0.5630889038244883,0.5634048928817113
COMM 466/APSC486/APSC496A/E  = 2 Term Course,Opportunity Recognition,0.44566380812062156,0.3651431587835153,0.40540348345206845
COMM 466/APSC486/APSC496A/E  = 2 Term Course,Market Research,0.28691371550990474,0.36118056200858617,0.32404713875924546
COMM 466/APSC486/APSC496A/E  = 2 Term Course,Product Development,0.3451203818096676,0.5610646903514862,0.45309253608057687
COMM 466/APSC486/APSC496A/E  = 2 Term Course,Marketing,0.21948913257155153,0.2436243813070986,0.23155675693932506
COMM 466/APSC486/APSC496A/E  = 2 Term Course,Business Modeling,0.4636150397774246,0.5341773947907819,0.4988962172841032
COMM 466/APSC486/APSC496A/E  = 2 Term Course,Managerial Decision Making,0.1225513368844986,0.1860116401480304,0.1542814885162645
COMM 466/APSC486/APSC496A/E  = 2 Term Course,Legal ,0.10581426198283832,0.10483132633897993,0.10532279416090912
COMM 466/APSC486/APSC496A/E  = 2 Term Course,Financial Decision Making,0.237734567373991,0.3197547973444064,0.2787446823591987
COMM 466/APSC486/APSC496A/E  = 2 Term Course,Observational skills,0.3751666607956092,0.6659785095188353,0.5205725851572223
COMM 466/APSC486/APSC496A/E  = 2 Term Course,Creativity skills,0.6251318272617128,0.7527640461921692,0.688947936726941
COMM 466/APSC486/APSC496A/E  = 2 Term Course,Problem solving skills,0.43469616439607406,0.46173694647020763,0.4482165554331409
COMM 466/APSC486/APSC496A/E  = 2 Term Course,Communication skills,0.38498347863141036,0.6431275904178619,0.5140555345246361
COMM 466/APSC486/APSC496A/E  = 2 Term Course,Decision-making skills,0.4041891089744038,0.6029038710726632,0.5035464900235335
COMM 466/APSC486/APSC496A/E  = 2 Term Course,Planning and project managing skills,0.492575423585044,0.4761841951145066,0.4843798093497753
COMM 466/APSC486/APSC496A/E  = 2 Term Course,Networking skills,0.2993713484870063,0.30090177964626086,0.3001365640666336
COMM 466/APSC486/APSC496A/E  = 2 Term Course,Negotiating skills,0.18214842966861194,0.23392218641108936,0.20803530803985065
COMM 466/APSC486/APSC496A/E  = 2 Term Course,Self-Aware,0.43221207128630745,0.7887234522236718,0.6104677617549896
COMM 466/APSC486/APSC496A/E  = 2 Term Course,Enterprising Traits,0.5204880419704649,0.517926318777932,0.5192071803741984
COMM 466/APSC486/APSC496A/E  = 2 Term Course,Self-Directed,0.09463765617046091,0.28186171584659153,0.1882496860085262
COMM 466/APSC486/APSC496A/E  = 2 Term Course,Teamwork,0.5605509993102815,0.5055244084861543,0.5330377038982179
COMM 466/APSC486/APSC496A/E  = 2 Term Course,Uncertainty Management,0.25250401761796737,0.5199402934975095,0.3862221555577384
COMM 470,Entrepreneurial Mindset,0.4827088415622711,0.35247696563601494,0.41759290359914303
COMM 470,Opportunity Recognition,0.29582098312675953,0.18252886878326535,0.23917492595501244
COMM 470,Market Research,0.2119605876505375,0.23850388213759288,0.2252322348940652
COMM 470,Product Development,0.17964205984026194,0.16196126863360405,0.170801664236933
COMM 470,Marketing,0.2165470141917467,0.11008604429662228,0.1633165292441845
COMM 470,Business Modeling,0.24053790792822838,0.1736996523104608,0.2071187801193446
COMM 470,Managerial Decision Making,0.3700036555528641,0.16971949860453606,0.26986157707870007
COMM 470,Legal ,0.18479698477312922,0.10440571885555983,0.14460135181434453
COMM 470,Financial Decision Making,0.3657325245440006,0.40306306863203645,0.38439779658801854
COMM 470,Observational skills,0.4629098176956177,0.6001475602388382,0.5315286889672279
COMM 470,Creativity skills,0.36396828666329384,0.32554446905851364,0.34475637786090374
COMM 470,Problem solving skills,0.3493387382477522,0.21334585919976234,0.28134229872375727
COMM 470,Communication skills,0.588356226682663,0.4888300821185112,0.5385931544005871
COMM 470,Decision-making skills,0.40554193779826164,0.5904907248914242,0.4980163313448429
COMM 470,Planning and project managing skills,0.2660038601607084,0.15181111404672265,0.20890748710371554
COMM 470,Networking skills,0.22049802355468273,0.2145826043561101,0.2175403139553964
COMM 470,Negotiating skills,0.22155631892383099,0.17806439194828272,0.19981035543605685
COMM 470,Self-Aware,0.5259145461022854,0.7372781410813332,0.6315963435918093
COMM 470,Enterprising Traits,0.5002728775143623,0.3775206506252289,0.4388967640697956
COMM 470,Self-Directed,0.44155694358050823,0.3860626518726349,0.41380979772657156
COMM 470,Teamwork,0.3812315436080098,0.21403329365421087,0.29763241863111034
COMM 470,Uncertainty Management,0.38507620245218277,0.3584650419652462,0.3717706222087145
COMM 482 / BAMA 503 001,Entrepreneurial Mindset,0.44028250210815006,0.34804389046298134,0.39416319628556573
COMM 482 / BAMA 503 001,Opportunity Recognition,0.42477874871757293,0.3531513385888603,0.3889650436532166
COMM 482 / BAMA 503 001,Market Research,0.3806086642046769,0.36852218666010433,0.37456542543239063
COMM 482 / BAMA 503 001,Product Development,0.40158482061492073,0.4100519089649121,0.4058183647899164
COMM 482 / BAMA 503 001,Marketing,0.36990077793598175,0.3459179037147098,0.35790934082534576
COMM 482 / BAMA 503 001,Business Modeling,0.3167855375342899,0.34101687371730804,0.32890120562579894
COMM 482 / BAMA 503 001,Managerial Decision Making,0.33500258810818195,0.29659437553750145,0.3157984818228417
COMM 482 / BAMA 503 001,Legal ,0.13532549680935013,0.1331009737526377,0.13421323528099394
COMM 482 / BAMA 503 001,Financial Decision Making,0.2997638483842214,0.20017705857753754,0.24997045348087946
COMM 482 / BAMA 503 001,Observational skills,0.3817292260419991,0.7382675525214937,0.5599983892817464
COMM 482 / BAMA 503 001,Creativity skills,0.32845896958476967,0.3611856492029296,0.3448223093938496
COMM 482 / BAMA 503 001,Problem solving skills,0.34781512717664653,0.32298251893371344,0.33539882305518
COMM 482 / BAMA 503 001,Communication skills,0.47991113861401874,0.4556733061456018,0.4677922223798103
COMM 482 / BAMA 503 001,Decision-making skills,0.5990977284188072,0.6448673514856232,0.6219825399522152
COMM 482 / BAMA 503 001,Planning and project managing skills,0.5123382766420642,0.2801504039929973,0.39624434031753075
COMM 482 / BAMA 503 001,Networking skills,0.17050871659173733,0.17166478647333053,0.17108675153253394
COMM 482 / BAMA 503 001,Negotiating skills,0.18562836275022063,0.19412849677933586,0.18987842976477826
COMM 482 / BAMA 503 001,Self-Aware,0.43458034263716805,0.584608836306466,0.509594589471817
COMM 482 / BAMA 503 001,Enterprising Traits,0.4836929556396272,0.4817550778388977,0.48272401673926246
COMM 482 / BAMA 503 001,Self-Directed,0.14900814233502993,0.3264791404621469,0.2377436413985884
COMM 482 / BAMA 503 001,Teamwork,0.6260945664511787,0.3605230450630188,0.49330880575709873
COMM 482 / BAMA 503 001,Uncertainty Management,0.3400439934598075,0.34266923036840224,0.3413566119141049
COMM 485,Entrepreneurial Mindset,0.4719924351407422,0.4054954962597953,0.43874396570026875
COMM 485,Opportunity Recognition,0.28782010740704006,0.2493708510365751,0.2685954792218076
COMM 485,Market Research,0.11298867284009854,0.1565625343678726,0.13477560360398558
COMM 485,Product Development,0.1172028159101804,0.10183732325418128,0.10952006958218084
COMM 485,Marketing,0.112433917587623,0.07489349589579636,0.09366370674170968
COMM 485,Business Modeling,0.11192687947510017,0.14123859246157938,0.12658273596833977
COMM 485,Managerial Decision Making,0.08738525066938665,0.04374688687837786,0.06556606877388226
COMM 485,Legal ,0.06977569642994139,0.03261613525036308,0.051195915840152234
COMM 485,Financial Decision Making,0.10724026275177796,0.04854067836681174,0.07789047055929485
COMM 485,Observational skills,0.2402196062935723,0.5799254261785083,0.4100725162360403
COMM 485,Creativity skills,0.2702155509549711,0.46744877762264675,0.36883216428880894
COMM 485,Problem solving skills,0.4276428288883633,0.3107936850024594,0.3692182569454113
COMM 485,Communication skills,0.22515003341767523,0.4030936550762918,0.31412184424698353
COMM 485,Decision-making skills,0.13328804324070612,0.2904444858431816,0.21186626454194385
COMM 485,Planning and project managing skills,0.09937462556020667,0.10625869387553798,0.10281665971787232
COMM 485,Networking skills,0.08170928143792683,0.21065792938073477,0.14618360540933079
COMM 485,Negotiating skills,0.08200757816019985,0.18280568367077243,0.13240663091548616
COMM 485,Self-Aware,0.3810379339589013,0.6211234364244673,0.5010806851916842
COMM 485,Enterprising Traits,0.44604895636439323,0.35721501376893783,0.40163198506666553
COMM 485,Self-Directed,0.08625712710717279,0.21845159120857716,0.15235435915787499
COMM 485,Teamwork,0.4074560304482778,0.3667814936488867,0.3871187620485822
COMM 485,Uncertainty Management,0.17103821323770615,0.16064126706785625,0.1658397401527812
COMM 486G / BAEN 510,Entrepreneurial Mindset,0.6253289580345154,0.5845410600304604,0.6049350090324879
COMM 486G / BAEN 510,Opportunity Recognition,0.3223435580730438,0.201222762465477,0.2617831602692604
COMM 486G / BAEN 510,Market Research,0.1476810531069835,0.14567127567715943,0.14667616439207148
COMM 486G / BAEN 510,Product Development,0.26043764625986415,0.3783882111310959,0.31941292869548
COMM 486G / BAEN 510,Marketing,0.2499967689315478,0.19788180477917194,0.22393928685535985
COMM 486G / BAEN 510,Business Modeling,0.27342967068155605,0.4641125078002612,0.3687710892409086
COMM 486G / BAEN 510,Managerial Decision Making,0.24907129009564719,0.18346303887665272,0.21626716448614997
COMM 486G / BAEN 510,Legal ,0.14235982050498328,0.03274711617268622,0.08755346833883475
COMM 486G / BAEN 510,Financial Decision Making,0.191626887768507,0.1570372295876344,0.17433205867807072
COMM 486G / BAEN 510,Observational skills,0.23659305522839227,0.5870461190740267,0.4118195871512095
COMM 486G / BAEN 510,Creativity skills,0.4373154304921627,0.6827777059903989,0.5600465682412807
COMM 486G / BAEN 510,Problem solving skills,0.23080959046880403,0.28728507086634636,0.2590473306675752
COMM 486G / BAEN 510,Communication skills,0.3263348027442892,0.7022009541591009,0.5142678784516951
COMM 486G / BAEN 510,Decision-making skills,0.24327300488948822,0.48989230891068775,0.36658265690008796
COMM 486G / BAEN 510,Planning and project managing skills,0.392164746299386,0.49026549855868023,0.44121512242903316
COMM 486G / BAEN 510,Networking skills,0.07969770145912965,0.15226245454202095,0.1159800780005753
COMM 486G / BAEN 510,Negotiating skills,0.14529266953468323,0.3887973601619403,0.2670450148483118
COMM 486G / BAEN 510,Self-Aware,0.4136912263929844,0.7318952791392803,0.5727932527661324
COMM 486G / BAEN 510,Enterprising Traits,0.6508979151646296,0.5209588396052519,0.5859283773849407
COMM 486G / BAEN 510,Self-Directed,0.18115502906342348,0.2871163363258044,0.23413568269461393
COMM 486G / BAEN 510,Teamwork,0.5769824733336767,0.5533024370670319,0.5651424552003543
COMM 486G / BAEN 510,Uncertainty Management,0.22034012029568353,0.30444116222982603,0.2623906412627548
COMM 489,Entrepreneurial Mindset,0.3843831568956375,0.4889896400272846,0.43668639846146107
COMM 489,Opportunity Recognition,0.33951660245656967,0.26283925790339707,0.3011779301799834
COMM 489,Market Research,0.44493049681186675,0.6374356001615524,0.5411830484867096
COMM 489,Product Development,0.1360146372579038,0.40492439167574046,0.2704695144668221
COMM 489,Marketing,0.11005800198763609,0.19207446109503507,0.15106623154133558
COMM 489,Business Modeling,0.1315205608960241,0.5618747094646096,0.3466976351803168
COMM 489,Managerial Decision Making,0.08307079803198576,0.11565560437738895,0.09936320120468736
COMM 489,Legal ,0.08386144412215799,0.10222870773868635,0.09304507593042216
COMM 489,Financial Decision Making,0.4156899701803923,0.6149799644947052,0.5153349673375487
COMM 489,Observational skills,0.1741433993447572,0.3669707804918289,0.2705570899182931
COMM 489,Creativity skills,0.29957578899338844,0.4060879207216203,0.35283185485750435
COMM 489,Problem solving skills,0.2638518351595849,0.2906588509678841,0.27725534306373445
COMM 489,Communication skills,0.25661678618052974,0.6658356964588166,0.46122624131967316
COMM 489,Decision-making skills,0.5836909862235189,0.6577599883079529,0.620725487265736
COMM 489,Planning and project managing skills,0.3537532562157139,0.3282323089428246,0.34099278257926924
COMM 489,Networking skills,0.12541201454005205,0.2652115332428366,0.19531177389144433
COMM 489,Negotiating skills,0.07475360878743231,0.166776093095541,0.12076485094148666
COMM 489,Self-Aware,0.3185932278633118,0.6577278867363929,0.48816055729985236
COMM 489,Enterprising Traits,0.4649854302406311,0.31361173912882806,0.38929858468472955
COMM 489,Self-Directed,0.05545465163886547,0.48337677121162415,0.2694157114252448
COMM 489,Teamwork,0.36329358369112014,0.4668415457010269,0.41506756469607353
COMM 489,Uncertainty Management,0.13427123543806374,0.2926848486997187,0.21347804206889123
COMM 497/  COMR 497,Entrepreneurial Mindset,0.49458424001932144,0.3843175694346428,0.4394509047269821
COMM 497/  COMR 497,Opportunity Recognition,0.3405442088842392,0.3315896261483431,0.33606691751629114
COMM 497/  COMR 497,Market Research,0.5993448595205942,0.620384410644571,0.6098646350825826
COMM 497/  COMR 497,Product Development,0.22596455986301103,0.3170137976606687,0.27148917876183987
COMM 497/  COMR 497,Marketing,0.44825172424316406,0.3389591407030821,0.3936054324731231
COMM 497/  COMR 497,Business Modeling,0.5387385748326778,0.5845940609773,0.561666317904989
COMM 497/  COMR 497,Managerial Decision Making,0.15430882837002477,0.22367137794693312,0.18899010315847894
COMM 497/  COMR 497,Legal ,0.0870447891453902,0.14017880766186863,0.11361179840362942
COMM 497/  COMR 497,Financial Decision Making,0.2504620775580406,0.32274615950882435,0.2866041185334325
COMM 497/  COMR 497,Observational skills,0.205826958330969,0.4997575171291828,0.3527922377300759
COMM 497/  COMR 497,Creativity skills,0.16619027964770794,0.46642535575665534,0.31630781770218164
COMM 497/  COMR 497,Problem solving skills,0.39070756842071813,0.39019152025381726,0.3904495443372677
COMM 497/  COMR 497,Communication skills,0.29211073461920023,0.6486443728208542,0.4703775537200272
COMM 497/  COMR 497,Decision-making skills,0.4177799954389532,0.582421158750852,0.5001005770949026
COMM 497/  COMR 497,Planning and project managing skills,0.3001718030621608,0.25989391033848125,0.280032856700321
COMM 497/  COMR 497,Networking skills,0.07527407666202635,0.23004626591379443,0.15266017128791037
COMM 497/  COMR 497,Negotiating skills,0.11082788498606533,0.2236631903797388,0.16724553768290207
COMM 497/  COMR 497,Self-Aware,0.298896183570226,0.607621394097805,0.4532587888340155
COMM 497/  COMR 497,Enterprising Traits,0.43644658972819644,0.3646337812145551,0.40054018547137576
COMM 497/  COMR 497,Self-Directed,0.07436432301377256,0.2019158935484787,0.13814010828112563
COMM 497/  COMR 497,Teamwork,0.6348543216784795,0.4336782544851303,0.534266288081805
COMM 497/  COMR 497,Uncertainty Management,0.24280715237061182,0.33918261155486107,0.29099488196273643
BAEN 502,Entrepreneurial Mindset,0.702948585152626,0.4605095749720931,0.5817290800623596
BAEN 502,Opportunity Recognition,0.3247592421248555,0.25464228680357337,0.28970076446421444
BAEN 502,Market Research,0.13069785735569894,0.25683289975859225,0.1937653785571456
BAEN 502,Product Development,0.23686180263757706,0.29955003410577774,0.2682059183716774
BAEN 502,Marketing,0.21768508478999138,0.3445463813841343,0.28111573308706284
BAEN 502,Business Modeling,0.2576363682746887,0.4131923811510205,0.3354143747128546
BAEN 502,Managerial Decision Making,0.31967782601714134,0.23365539405494928,0.2766666100360453
BAEN 502,Legal ,0.10507800010964274,0.12743857083842158,0.11625828547403216
BAEN 502,Financial Decision Making,0.2197988536208868,0.2966368296183646,0.2582178416196257
BAEN 502,Observational skills,0.34326689690351486,0.5841499026864767,0.4637083997949958
BAEN 502,Creativity skills,0.30063271103426814,0.4901393800973892,0.3953860455658287
BAEN 502,Problem solving skills,0.37992614321410656,0.34595842100679874,0.36294228211045265
BAEN 502,Communication skills,0.4268415942788124,0.5705161765217781,0.49867888540029526
BAEN 502,Decision-making skills,0.4155479287728667,0.44417931139469147,0.4298636200837791
BAEN 502,Planning and project managing skills,0.7159499819390476,0.6547594703733921,0.6853547261562198
BAEN 502,Networking skills,0.15616013738326728,0.07069519581273198,0.11342766659799963
BAEN 502,Negotiating skills,0.2261274338234216,0.33414143696427345,0.2801344353938475
BAEN 502,Self-Aware,0.4111610911786556,0.654905654489994,0.5330333728343248
BAEN 502,Enterprising Traits,0.5181474685668945,0.4273738097399473,0.4727606391534209
BAEN 502,Self-Directed,0.1053574945544824,0.29428678564727306,0.19982214010087773
BAEN 502,Teamwork,0.485463660210371,0.6012334153056145,0.5433485377579927
BAEN 502,Uncertainty Management,0.2613696167245507,0.4053647310938686,0.33336717390920967
BAEN 505,Entrepreneurial Mindset,0.5916813098722034,0.4939124286174774,0.5427968692448404
BAEN 505,Opportunity Recognition,0.3550291276640362,0.3024969319295552,0.3287630297967957
BAEN 505,Market Research,0.1652864689628283,0.35322288672129315,0.25925467784206074
BAEN 505,Product Development,0.186203147077726,0.3173346346658137,0.25176889087176985
BAEN 505,Marketing,0.09714999794960022,0.10185634629386994,0.09950317212173508
BAEN 505,Business Modeling,0.23776010423898697,0.41947789914492106,0.328619001691954
BAEN 505,Managerial Decision Making,0.17547210574977928,0.20809650426316592,0.1917843050064726
BAEN 505,Legal ,0.1760088304678599,0.179356709200268,0.17768276983406395
BAEN 505,Financial Decision Making,0.47049424176414806,0.7347250762912962,0.6026096590277221
BAEN 505,Observational skills,0.22131812945008278,0.5559538801511129,0.38863600480059785
BAEN 505,Creativity skills,0.09559512997253074,0.2946426466935211,0.1951188883330259
BAEN 505,Problem solving skills,0.3660338583091895,0.25406739488244057,0.31005062659581506
BAEN 505,Communication skills,0.1955066167542504,0.5551811622248756,0.375343889489563
BAEN 505,Decision-making skills,0.5801489208307531,0.7240229580137465,0.6520859394222498
BAEN 505,Planning and project managing skills,0.38767188373539185,0.26546230415503186,0.3265670939452119
BAEN 505,Networking skills,0.06568612691221966,0.11568983019484828,0.09068797855353397
BAEN 505,Negotiating skills,0.17928397489918602,0.26603078009146786,0.22265737749532694
BAEN 505,Self-Aware,0.4433034062385559,0.7251628008153703,0.5842331035269631
BAEN 505,Enterprising Traits,0.601555359032419,0.4410401980082194,0.5212977785203192
BAEN 505,Self-Directed,0.16669274566488135,0.413664098829031,0.29017842224695617
BAEN 505,Teamwork,0.5654580410983827,0.23888300284225908,0.4021705219703209
BAEN 505,Uncertainty Management,0.26811757849322426,0.47753867672549355,0.3728281276093589
BAEN 506/APSC 541,Entrepreneurial Mindset,0.7100017331540585,0.5744984969496727,0.6422501150518656
BAEN 506/APSC 541,Opportunity Recognition,0.5794779062271118,0.5125939376302995,0.5460359219287056
BAEN 506/APSC 541,Market Research,0.4264667425304651,0.55308254994452,0.48977464623749256
BAEN 506/APSC 541,Product Development,0.2979321163147688,0.48428410151973367,0.39110810891725123
BAEN 506/APSC 541,Marketing,0.3096985798329115,0.4355110600590706,0.37260481994599104
BAEN 506/APSC 541,Business Modeling,0.6427175626158714,0.6202194858342409,0.6314685242250562
BAEN 506/APSC 541,Managerial Decision Making,0.2331904238089919,0.2853556517511606,0.25927303778007627
BAEN 506/APSC 541,Legal ,0.15950144035741687,0.12570823513669893,0.1426048377470579
BAEN 506/APSC 541,Financial Decision Making,0.3916756846010685,0.527806093916297,0.45974088925868273
BAEN 506/APSC 541,Observational skills,0.32012530509382486,0.4509221687912941,0.3855237369425595
BAEN 506/APSC 541,Creativity skills,0.5285481233149767,0.6860821768641472,0.6073151500895619
BAEN 506/APSC 541,Problem solving skills,0.45881870575249195,0.5972891733981669,0.5280539395753294
BAEN 506/APSC 541,Communication skills,0.29860308300703764,0.5685641728341579,0.4335836279205978
BAEN 506/APSC 541,Decision-making skills,0.6021951921284199,0.5972246429882944,0.5997099175583571
BAEN 506/APSC 541,Planning and project managing skills,0.5782095426693559,0.6286413616035134,0.6034254521364346
BAEN 506/APSC 541,Networking skills,0.1706004710868001,0.19403584202518687,0.18231815655599348
BAEN 506/APSC 541,Negotiating skills,0.12413606268819422,0.3126245007297257,0.21838028170895996
BAEN 506/APSC 541,Self-Aware,0.3934805355966091,0.8213331177830696,0.6074068266898394
BAEN 506/APSC 541,Enterprising Traits,0.6442427672445774,0.48473127000033855,0.564487018622458
BAEN 506/APSC 541,Self-Directed,0.09151541246683337,0.3635560165566858,0.22753571451175958
BAEN 506/APSC 541,Teamwork,0.7173185087740421,0.5955932475626469,0.6564558781683445
BAEN 506/APSC 541,Uncertainty Management,0.30823010206222534,0.48223715473432094,0.39523362839827314
BAEN 509,Entrepreneurial Mindset,0.6082073152065277,0.6342340726405382,0.621220693923533
BAEN 509,Opportunity Recognition,0.27153609320521355,0.29280313663184643,0.28216961491853
BAEN 509,Market Research,0.588841300457716,0.7159931529313326,0.6524172266945243
BAEN 509,Product Development,0.11975257378071547,0.4508405439555645,0.28529655886814
BAEN 509,Marketing,0.26935732550919056,0.20459329965524375,0.23697531258221716
BAEN 509,Business Modeling,0.15603160159662366,0.5954150427132845,0.3757233221549541
BAEN 509,Managerial Decision Making,0.06801575561985373,0.24248581565916538,0.15525078563950956
BAEN 509,Legal ,0.10842603631317616,0.07870293431915343,0.09356448531616479
BAEN 509,Financial Decision Making,0.49759298004209995,0.7842996269464493,0.6409463034942746
BAEN 509,Observational skills,0.21066908910870552,0.48327914997935295,0.34697411954402924
BAEN 509,Creativity skills,0.49932622630149126,0.552040372043848,0.5256832991726696
BAEN 509,Problem solving skills,0.2641130341216922,0.4482588768005371,0.35618595546111465
BAEN 509,Communication skills,0.2985097074415535,0.7845326215028763,0.5415211644722149
BAEN 509,Decision-making skills,0.7918656468391418,0.9092893302440643,0.8505774885416031
BAEN 509,Planning and project managing skills,0.40583461918868124,0.466634901240468,0.43623476021457464
BAEN 509,Networking skills,0.02474401891231537,0.22233735909685493,0.12354068900458515
BAEN 509,Negotiating skills,0.03006963455118239,0.25366728752851486,0.14186846103984863
BAEN 509,Self-Aware,0.35133590549230576,0.7666752487421036,0.5590055771172047
BAEN 509,Enterprising Traits,0.531893365085125,0.5828515887260437,0.5573724769055843
BAEN 509,Self-Directed,0.08752667112275958,0.5238502603024244,0.305688465712592
BAEN 509,Teamwork,0.510533906519413,0.5066397227346897,0.5085868146270514
BAEN 509,Uncertainty Management,0.1792655640747398,0.3525203885510564,0.2658929763128981
BAEN 540,Entrepreneurial Mindset,0.5676584045092264,0.6656382282574972,0.6166483163833618
BAEN 540,Opportunity Recognition,0.33345163365205127,0.31319252649943036,0.3233220800757408
BAEN 540,Market Research,0.21744781732559204,0.16862075982984,0.19303428857771604
BAEN 540,Product Development,0.261525238553683,0.3794009319196145,0.32046308523664874
BAEN 540,Marketing,0.24372627710302672,0.20538624562323093,0.22455626136312884
BAEN 540,Business Modeling,0.38965677718321484,0.3488948543866475,0.3692758157849312
BAEN 540,Managerial Decision Making,0.33150949080785114,0.2755240698655446,0.3035167803366979
BAEN 540,Legal ,0.11923432846864064,0.2208070558262989,0.17002069214746976
BAEN 540,Financial Decision Making,0.25166336943705875,0.201138104001681,0.2264007367193699
BAEN 540,Observational skills,0.32393187036116916,0.41821421931187314,0.37107304483652115
BAEN 540,Creativity skills,0.4113283306360245,0.6329044674833616,0.5221163990596931
BAEN 540,Problem solving skills,0.5413369884093603,0.3521632142364979,0.4467501013229291
BAEN 540,Communication skills,0.500742976864179,0.6264199465513229,0.563581461707751
BAEN 540,Decision-making skills,0.46121486524740857,0.608864039182663,0.5350394522150358
BAEN 540,Planning and project managing skills,0.5016268640756607,0.34280786632249755,0.42221736519907915
BAEN 540,Networking skills,0.19305989146232605,0.10927935674165686,0.15116962410199145
BAEN 540,Negotiating skills,0.22382419680555662,0.3108450770378113,0.26733463692168397
BAEN 540,Self-Aware,0.38986251254876453,0.6158272922039032,0.5028449023763338
BAEN 540,Enterprising Traits,0.6331069121758143,0.32302085558573407,0.47806388388077414
BAEN 540,Self-Directed,0.10966365140241881,0.32566138325879973,0.21766251733060926
BAEN 540,Teamwork,0.4405523439248403,0.2706650421023369,0.35560869301358855
BAEN 540,Uncertainty Management,0.34028864403565723,0.4111746729662021,0.37573165850092966
BAEN 549 (Angele),Entrepreneurial Mindset,0.4941346695025762,0.6262652575969696,0.5601999635497729
BAEN 549 (Angele),Opportunity Recognition,0.30114610493183136,0.29117845247189206,0.29616227870186174
BAEN 549 (Angele),Market Research,0.16965195660789809,0.15396676616122326,0.16180936138456067
BAEN 549 (Angele),Product Development,0.23396584143241247,0.3657821888724963,0.2998740151524544
BAEN 549 (Angele),Marketing,0.2116315414508184,0.20313608770569166,0.20738381457825503
BAEN 549 (Angele),Business Modeling,0.48673105984926224,0.3619745373725891,0.4243527986109257
BAEN 549 (Angele),Managerial Decision Making,0.32372497394680977,0.30690141146381694,0.3153131927053133
BAEN 549 (Angele),Legal ,0.09228245913982391,0.15646399293715754,0.12437322603849073
BAEN 549 (Angele),Financial Decision Making,0.20062211900949478,0.1884482130408287,0.19453516602516174
BAEN 549 (Angele),Observational skills,0.4075850198666255,0.8104535440603892,0.6090192819635073
BAEN 549 (Angele),Creativity skills,0.33893109920124215,0.626478374004364,0.4827047366028031
BAEN 549 (Angele),Problem solving skills,0.17692948567370573,0.1912004038070639,0.18406494474038482
BAEN 549 (Angele),Communication skills,0.5650236991544565,0.5587677049140135,0.561895702034235
BAEN 549 (Angele),Decision-making skills,0.36158691843350727,0.6043004542589188,0.482943686346213
BAEN 549 (Angele),Planning and project managing skills,0.3889425719777743,0.6579180260499319,0.5234302990138531
BAEN 549 (Angele),Networking skills,0.09356084124495585,0.10840112684915464,0.10098098404705524
BAEN 549 (Angele),Negotiating skills,0.18784455427279076,0.27750025565425557,0.23267240496352315
BAEN 549 (Angele),Self-Aware,0.5115553513169289,0.7895651857058207,0.6505602685113747
BAEN 549 (Angele),Enterprising Traits,0.5156381527582804,0.5602977871894836,0.537967969973882
BAEN 549 (Angele),Self-Directed,0.12667884243031344,0.6495100756486257,0.3880944590394696
BAEN 549 (Angele),Teamwork,0.4962519059578578,0.513447180390358,0.5048495431741079
BAEN 549 (Angele),Uncertainty Management,0.2713630913446347,0.4645010034243266,0.36793204738448065
BAEN 550 (Angele) - ,Entrepreneurial Mindset,0.64788369089365,0.8005906790494919,0.724237184971571
BAEN 550 (Angele) - ,Opportunity Recognition,0.39697200059890747,0.3805725993588567,0.3887722999788821
BAEN 550 (Angele) - ,Market Research,0.25846419017761946,0.21725072711706161,0.23785745864734054
BAEN 550 (Angele) - ,Product Development,0.33398712798953056,0.6346110180020332,0.4842990729957819
BAEN 550 (Angele) - ,Marketing,0.3508438654243946,0.27251776307821274,0.3116808142513037
BAEN 550 (Angele) - ,Business Modeling,0.4727525971829891,0.7467707321047783,0.6097616646438837
BAEN 550 (Angele) - ,Managerial Decision Making,0.23764182510785758,0.19921039463952184,0.2184261098736897
BAEN 550 (Angele) - ,Legal ,0.13442955631762743,0.1804554322734475,0.15744249429553747
BAEN 550 (Angele) - ,Financial Decision Making,0.36324515379965305,0.26027804240584373,0.3117615981027484
BAEN 550 (Angele) - ,Observational skills,0.38118141423910856,0.6328756753355265,0.5070285447873175
BAEN 550 (Angele) - ,Creativity skills,0.37549328710883856,0.862255185842514,0.6188742364756763
BAEN 550 (Angele) - ,Problem solving skills,0.25415213825181127,0.41488386364653707,0.33451800094917417
BAEN 550 (Angele) - ,Communication skills,0.3227956611663103,0.5111408270895481,0.4169682441279292
BAEN 550 (Angele) - ,Decision-making skills,0.27208798308856785,0.4612919702194631,0.3666899766540155
BAEN 550 (Angele) - ,Planning and project managing skills,0.3625326968031004,0.3892875788733363,0.37591013783821836
BAEN 550 (Angele) - ,Networking skills,0.1657295562326908,0.31798819452524185,0.24185887537896633
BAEN 550 (Angele) - ,Negotiating skills,0.17943862872198224,0.22435479890555143,0.20189671381376684
BAEN 550 (Angele) - ,Self-Aware,0.4988531395792961,0.846829354763031,0.6728412471711636
BAEN 550 (Angele) - ,Enterprising Traits,0.7593474835157394,0.561000756919384,0.6601741202175617
BAEN 550 (Angele) - ,Self-Directed,0.16331992950290442,0.5449138432741165,0.35411688638851047
BAEN 550 (Angele) - ,Teamwork,0.531779121607542,0.5362806580960751,0.5340298898518085
BAEN 550 (Angele) - ,Uncertainty Management,0.33521919324994087,0.3607520740479231,0.347985633648932
BAEN 550/FCOR 502 (Fraser Pogue),Entrepreneurial Mindset,0.6641230694949627,0.3545858934521675,0.5093544814735651
BAEN 550/FCOR 502 (Fraser Pogue),Opportunity Recognition,0.4570612534880638,0.3160952031612396,0.3865782283246517
BAEN 550/FCOR 502 (Fraser Pogue),Market Research,0.2814218073617667,0.3379862252622843,0.3097040163120255
BAEN 550/FCOR 502 (Fraser Pogue),Product Development,0.21558278612792492,0.36915036477148533,0.2923665754497051
BAEN 550/FCOR 502 (Fraser Pogue),Marketing,0.15646026330068707,0.08517350116744637,0.12081688223406672
BAEN 550/FCOR 502 (Fraser Pogue),Business Modeling,0.3575918315909803,0.6130809113383293,0.4853363714646548
BAEN 550/FCOR 502 (Fraser Pogue),Managerial Decision Making,0.05454880418255925,0.04715636023320258,0.050852582207880914
BAEN 550/FCOR 502 (Fraser Pogue),Legal ,0.10670656338334084,0.018624332500621676,0.06266544794198126
BAEN 550/FCOR 502 (Fraser Pogue),Financial Decision Making,0.21717200614511967,0.695765495300293,0.4564687507227063
BAEN 550/FCOR 502 (Fraser Pogue),Observational skills,0.07365737855434418,0.33027687296271324,0.2019671257585287
BAEN 550/FCOR 502 (Fraser Pogue),Creativity skills,0.2148173376917839,0.7207926213741302,0.4678049795329571
BAEN 550/FCOR 502 (Fraser Pogue),Problem solving skills,0.4578244090080261,0.6391672128811479,0.548495810944587
BAEN 550/FCOR 502 (Fraser Pogue),Communication skills,0.10713894595392048,0.5520257484167814,0.32958234718535095
BAEN 550/FCOR 502 (Fraser Pogue),Decision-making skills,0.14875115221366286,0.505396987311542,0.32707406976260245
BAEN 550/FCOR 502 (Fraser Pogue),Planning and project managing skills,0.07523794681765139,0.08563970634713769,0.08043882658239454
BAEN 550/FCOR 502 (Fraser Pogue),Networking skills,0.012720305123366416,0.01710279518738389,0.014911550155375153
BAEN 550/FCOR 502 (Fraser Pogue),Negotiating skills,0.017330480157397687,0.08197611197829247,0.049653296067845076
BAEN 550/FCOR 502 (Fraser Pogue),Self-Aware,0.39584100246429443,0.8308229297399521,0.6133319661021233
BAEN 550/FCOR 502 (Fraser Pogue),Enterprising Traits,0.7183295637369156,0.5102991163730621,0.6143143400549889
BAEN 550/FCOR 502 (Fraser Pogue),Self-Directed,0.3136892698239535,0.25148073490709066,0.2825850023655221
BAEN 550/FCOR 502 (Fraser Pogue),Teamwork,0.33508655428886414,0.2023829948157072,0.26873477455228567
BAEN 550/FCOR 502 (Fraser Pogue),Uncertainty Management,0.16314497543498874,0.18644986487925053,0.17479742015711963
BAEN 580,Entrepreneurial Mindset,0.7200237736105919,0.6300440952181816,0.6750339344143867
BAEN 580,Opportunity Recognition,0.4985656775534153,0.4770326390862465,0.4877991583198309
BAEN 580,Market Research,0.2890799227170646,0.4891903721727431,0.38913514744490385
BAEN 580,Product Development,0.21326376032084227,0.5293902922421694,0.3713270262815058
BAEN 580,Marketing,0.18060772866010666,0.19319734908640385,0.18690253887325525
BAEN 580,Business Modeling,0.40701922308653593,0.6776421144604683,0.5423306687735021
BAEN 580,Managerial Decision Making,0.19544719345867634,0.20108606945723295,0.19826663145795465
BAEN 580,Legal ,0.11146898195147514,0.07909839344210923,0.09528368769679219
BAEN 580,Financial Decision Making,0.3408500477671623,0.8363740146160126,0.5886120311915874
BAEN 580,Observational skills,0.2634280067868531,0.5269269123673439,0.3951774595770985
BAEN 580,Creativity skills,0.3163699395954609,0.8760410100221634,0.5962054748088121
BAEN 580,Problem solving skills,0.689377480186522,0.7274299878627062,0.7084037340246141
BAEN 580,Communication skills,0.33269473793916404,0.757277362048626,0.544986049993895
BAEN 580,Decision-making skills,0.3221768857911229,0.5903653390705585,0.45627111243084073
BAEN 580,Planning and project managing skills,0.2380814973730594,0.5960461348295212,0.4170638161012903
BAEN 580,Networking skills,0.18609760655090213,0.27532413555309176,0.23071087105199695
BAEN 580,Negotiating skills,0.08949020551517606,0.2247700709849596,0.15713013825006783
BAEN 580,Self-Aware,0.37641720101237297,0.8018344193696976,0.5891258101910353
BAEN 580,Enterprising Traits,0.8377744853496552,0.5230860859155655,0.6804302856326103
BAEN 580,Self-Directed,0.3557300549582578,0.3202038947492838,0.3379669748537708
BAEN 580,Teamwork,0.357436902821064,0.3311157487332821,0.34427632577717304
BAEN 580,Uncertainty Management,0.35605628602206707,0.5707065239548683,0.4633814049884677
BAEN 580A,Entrepreneurial Mindset,0.4124312203337987,0.27005286634500536,0.341242043339402
BAEN 580A,Opportunity Recognition,0.5058566287126658,0.2239315990092499,0.3648941138609578
BAEN 580A,Market Research,0.19948496016981412,0.14123784324952535,0.17036140170966974
BAEN 580A,Product Development,0.14777974324481744,0.08730921991186083,0.11754448157833913
BAEN 580A,Marketing,0.18106612248084275,0.08231207817776262,0.1316891003293027
BAEN 580A,Business Modeling,0.3354994904272774,0.18344339844147076,0.2594714444343741
BAEN 580A,Managerial Decision Making,0.11896216724666633,0.07591740660635489,0.09743978692651062
BAEN 580A,Legal ,0.17989748145087756,0.06200119630167527,0.12094933887627642
BAEN 580A,Financial Decision Making,0.09241784764734413,0.1410570103367458,0.11673742899204498
BAEN 580A,Observational skills,0.45573744071381433,0.7226580168519702,0.5891977287828922
BAEN 580A,Creativity skills,0.2700107120924388,0.3203491995643292,0.295179955828384
BAEN 580A,Problem solving skills,0.49102920150367674,0.47168945093705716,0.4813593262203669
BAEN 580A,Communication skills,0.48124239535536617,0.413688773555415,0.4474655844553906
BAEN 580A,Decision-making skills,0.34238515910692513,0.43641645893720643,0.38940080902206575
BAEN 580A,Planning and project managing skills,0.12497165122684757,0.1580032723556672,0.14148746179125737
BAEN 580A,Networking skills,0.2180211483542475,0.22680375166237354,0.2224124500083105
BAEN 580A,Negotiating skills,0.18689554980872863,0.26991613365576733,0.22840584173224798
BAEN 580A,Self-Aware,0.5133374332051192,0.8163535509790693,0.6648454920920942
BAEN 580A,Enterprising Traits,0.5542660024366342,0.41174359765968155,0.4830048000481578
BAEN 580A,Self-Directed,0.15267207480168768,0.27752576768398285,0.21509892124283525
BAEN 580A,Teamwork,0.4818140765086615,0.14306873057336947,0.31244140354101546
BAEN 580A,Uncertainty Management,0.16842446904463163,0.31465616449713707,0.24154031677088433
BAEN 580C,Entrepreneurial Mindset,0.3149185801545779,0.28798226701716584,0.3014504235858719
BAEN 580C,Opportunity Recognition,0.40688610076904297,0.31287649025519687,0.3598812955121199
BAEN 580C,Market Research,0.2561369923253854,0.27250434303035337,0.2643206676778694
BAEN 580C,Product Development,0.24175897364815077,0.3175627046342318,0.2796608391411913
BAEN 580C,Marketing,0.1931687818529705,0.23924899958850196,0.21620889072073624
BAEN 580C,Business Modeling,0.2301758329073588,0.3066916198780139,0.26843372639268637
BAEN 580C,Managerial Decision Making,0.31913840025663376,0.2691165028760831,0.29412745156635844
BAEN 580C,Legal ,0.11215765836338203,0.14894026226829737,0.1305489603158397
BAEN 580C,Financial Decision Making,0.3578789258996646,0.21770032991965613,0.28778962790966034
BAEN 580C,Observational skills,0.35515645643075305,0.7304885039726893,0.5428224802017212
BAEN 580C,Creativity skills,0.12932413599143425,0.22690351004712284,0.17811382301927853
BAEN 580C,Problem solving skills,0.32430771676202613,0.31507357272009057,0.31969064474105835
BAEN 580C,Communication skills,0.439860454450051,0.43490031361579895,0.437380384032925
BAEN 580C,Decision-making skills,0.5489648878574371,0.6027461290359497,0.5758555084466934
BAEN 580C,Planning and project managing skills,0.43480656885852415,0.3300680094398558,0.38243728914918995
BAEN 580C,Networking skills,0.10864892726143201,0.0956676973340412,0.1021583122977366
BAEN 580C,Negotiating skills,0.12730882464287183,0.13192681859557828,0.12961782161922505
BAEN 580C,Self-Aware,0.3518934523065885,0.7339196503162384,0.5429065513114134
BAEN 580C,Enterprising Traits,0.46194349726041156,0.3717706923683484,0.41685709481438
BAEN 580C,Self-Directed,0.08008552948012948,0.15264065439502397,0.11636309193757673
BAEN 580C,Teamwork,0.42497603595256805,0.21323015936650336,0.3191030976595357
BAEN 580C,Uncertainty Management,0.22706370304028192,0.3270305482049783,0.2770471256226301
BASM 516,Entrepreneurial Mindset,0.48473606010278064,0.49877996494372684,0.49175801252325374
BASM 516,Opportunity Recognition,0.2724126037210226,0.2581504826278736,0.2652815431744481
BASM 516,Market Research,0.20176131976768374,0.4446065177520116,0.32318391875984764
BASM 516,Product Development,0.1565299645687143,0.41757916907469433,0.2870545668217043
BASM 516,Marketing,0.3630037344992161,0.5230748156706492,0.4430392750849326
BASM 516,Business Modeling,0.25431003343934816,0.3577362075448036,0.3060231204920759
BASM 516,Managerial Decision Making,0.28107949284215766,0.2564774664739768,0.2687784796580672
BASM 516,Legal ,0.051841248447696366,0.06970025356955982,0.060770751008628096
BASM 516,Financial Decision Making,0.279405042839547,0.35531040364488337,0.3173577232422152
BASM 516,Observational skills,0.2579914126545191,0.6276299556096395,0.4428106841320793
BASM 516,Creativity skills,0.43487438683708507,0.7464047049482664,0.5906395458926758
BASM 516,Problem solving skills,0.6452536433935165,0.5184420372049013,0.5818478402992089
BASM 516,Communication skills,0.11642368168880542,0.33564797167976695,0.22603582668428618
BASM 516,Decision-making skills,0.5614420821269354,0.8093775858481725,0.685409833987554
BASM 516,Planning and project managing skills,0.4292624155059457,0.6620358477036158,0.5456491316047807
BASM 516,Networking skills,0.06249778741039336,0.0218196470135202,0.04215871721195678
BASM 516,Negotiating skills,0.08664298668736592,0.1523610676328341,0.11950202716010001
BASM 516,Self-Aware,0.2738048906127612,0.7626591622829437,0.5182320264478525
BASM 516,Enterprising Traits,0.3474384828781088,0.5233948354919752,0.435416659185042
BASM 516,Self-Directed,0.07922034431248903,0.316782317434748,0.19800133087361851
BASM 516,Teamwork,0.24209650388608375,0.29119692370295525,0.2666467137945195
BASM 516,Uncertainty Management,0.2087009698540593,0.5809528008103371,0.3948268853321982
BA 560,Entrepreneurial Mindset,0.2431883628014475,0.21152618513442575,0.22735727396793665
BA 560,Opportunity Recognition,0.26453608081210406,0.15375832398422062,0.20914720239816234
BA 560,Market Research,0.09989544106647372,0.37533554807305336,0.23761549456976355
BA 560,Product Development,0.12286221152171492,0.16005985010415316,0.14146103081293404
BA 560,Marketing,0.10919606545940042,0.04108930430375039,0.07514268488157541
BA 560,Business Modeling,0.3075045509263873,0.1316252891207114,0.21956492002354933
BA 560,Managerial Decision Making,0.13758139670826494,0.15020275823771953,0.14389207747299224
BA 560,Legal ,0.08189994432032108,0.041777936881408094,0.06183894060086459
BA 560,Financial Decision Making,0.06244804619345814,0.07293968490557745,0.0676938655495178
BA 560,Observational skills,0.187108002230525,0.45614398568868636,0.32162599395960567
BA 560,Creativity skills,0.17085156228858978,0.377598946611397,0.27422525444999335
BA 560,Problem solving skills,0.2742995172739029,0.3632830407470465,0.31879127901047466
BA 560,Communication skills,0.3103746360167861,0.5403780229389668,0.4253763294778764
BA 560,Decision-making skills,0.20833411123603582,0.42722894847393034,0.3177815298549831
BA 560,Planning and project managing skills,0.11501969248056412,0.1530550580471754,0.13403737526386977
BA 560,Networking skills,0.018600746477022766,0.017445207538548856,0.01802297700778581
BA 560,Negotiating skills,0.05101403411244974,0.16608844581060112,0.10855123996152542
BA 560,Self-Aware,0.3368949070572853,0.6831205785274506,0.5100077427923679
BA 560,Enterprising Traits,0.28325713975355027,0.3086892465595156,0.2959731931565329
BA 560,Self-Directed,0.10865736771374941,0.2534121282398701,0.18103474797680974
BA 560,Teamwork,0.21072759181261064,0.18081499908585102,0.19577129544923083
BA 560,Uncertainty Management,0.18840802661143244,0.4921742850914598,0.3402911558514461
BA 562,Entrepreneurial Mindset,0.5103713975598415,0.4820496117075284,0.496210504633685
BA 562,Opportunity Recognition,0.293562025607874,0.20225350776066384,0.2479077666842689
BA 562,Market Research,0.23250761441886425,0.19242407583321133,0.21246584512603778
BA 562,Product Development,0.23150626181935272,0.2617676453664899,0.24663695359292132
BA 562,Marketing,0.23573444473246732,0.22762794544299444,0.23168119508773088
BA 562,Business Modeling,0.2533277296461165,0.23048914472262064,0.24190843718436855
BA 562,Managerial Decision Making,0.2783833989718308,0.2966689639724791,0.2875261814721549
BA 562,Legal ,0.12882278642306724,0.14628189181288084,0.13755233911797404
BA 562,Financial Decision Making,0.21670589596033096,0.20793360099196434,0.21231974847614765
BA 562,Observational skills,0.3487832342895369,0.745255728562673,0.5470194814261049
BA 562,Creativity skills,0.894453893105189,0.8985457420349121,0.8964998175700505
BA 562,Problem solving skills,0.27069644443690777,0.30967639790227014,0.2901864211695889
BA 562,Communication skills,0.5039570033550262,0.7699000636736552,0.6369285335143406
BA 562,Decision-making skills,0.17969239611799517,0.4081504742304484,0.2939214351742218
BA 562,Planning and project managing skills,0.2260429193265736,0.3284110785461962,0.2772269989363849
BA 562,Networking skills,0.16128360286044577,0.3284357773760955,0.24485969011827063
BA 562,Negotiating skills,0.13395418769990405,0.1850130343421673,0.15948361102103567
BA 562,Self-Aware,0.4375680371498068,0.7718988259633383,0.6047334315565726
BA 562,Enterprising Traits,0.5743172280490398,0.5565019672115644,0.5654095976303022
BA 562,Self-Directed,0.3820838025615861,0.5294327323014537,0.4557582674315199
BA 562,Teamwork,0.5147156653304895,0.4803464661041896,0.4975310657173395
BA 562,Uncertainty Management,0.3108029995734493,0.5985923111438751,0.45469765535866224
COMR 280,Entrepreneurial Mindset,0.7350730299949646,0.7926843166351318,0.7638786733150482
COMR 280,Opportunity Recognition,0.9582086205482483,0.9059367179870605,0.9320726692676544
COMR 280,Market Research,0.14165735244750977,0.19210398197174072,0.16688066720962524
COMR 280,Product Development,0.16292300820350647,0.595852792263031,0.37938790023326874
COMR 280,Marketing,0.16644179821014404,0.18061164021492004,0.17352671921253204
COMR 280,Business Modeling,0.2496606707572937,0.7031998038291931,0.4764302372932434
COMR 280,Managerial Decision Making,0.1129009798169136,0.020946331322193146,0.06692365556955338
COMR 280,Legal ,0.04483375698328018,0.07564053684473038,0.06023714691400528
COMR 280,Financial Decision Making,0.1634758859872818,0.10991518944501877,0.13669553771615028
COMR 280,Observational skills,0.7967707514762878,0.9560589790344238,0.8764148652553558
COMR 280,Creativity skills,0.6229792833328247,0.8025444746017456,0.7127618789672852
COMR 280,Problem solving skills,0.6484612822532654,0.9503455758094788,0.7994034290313721
COMR 280,Communication skills,0.5693337321281433,0.7241581678390503,0.6467459499835968
COMR 280,Decision-making skills,0.50599205493927,0.7870652079582214,0.6465286314487457
COMR 280,Planning and project managing skills,0.8590816259384155,0.976838231086731,0.9179599285125732
COMR 280,Networking skills,0.29242244362831116,0.1900261491537094,0.24122429639101028
COMR 280,Negotiating skills,0.15133146941661835,0.26621752977371216,0.20877449959516525
COMR 280,Self-Aware,0.5425522923469543,0.820959746837616,0.6817560195922852
COMR 280,Enterprising Traits,0.6879040598869324,0.5450968742370605,0.6165004670619965
COMR 280,Self-Directed,0.10796361416578293,0.8192307949066162,0.46359720453619957
COMR 280,Teamwork,0.3261168897151947,0.1808323711156845,0.2534746304154396
COMR 280,Uncertainty Management,0.3351961672306061,0.6900633573532104,0.5126297622919083
IGEN 340,Entrepreneurial Mindset,0.6187357753515244,0.5928913690149784,0.6058135721832514
IGEN 340,Opportunity Recognition,0.2690933421254158,0.3862526910379529,0.32767301658168435
IGEN 340,Market Research,0.2498879535123706,0.3596942815929651,0.30479111755266786
IGEN 340,Product Development,0.23645683750510216,0.5570584610104561,0.3967576492577791
IGEN 340,Marketing,0.2719133794307709,0.2925084326416254,0.28221090603619814
IGEN 340,Business Modeling,0.5812726654112339,0.7891162782907486,0.6851944718509912
IGEN 340,Managerial Decision Making,0.04583365606958978,0.01959417888429016,0.03271391747693997
IGEN 340,Legal ,0.08839980745688081,0.06004520950955339,0.0742225084832171
IGEN 340,Financial Decision Making,0.38103393465280533,0.3803380969911814,0.38068601582199335
IGEN 340,Observational skills,0.263587165158242,0.5604648916050792,0.4120260283816606
IGEN 340,Creativity skills,0.3706909753382206,0.8943345993757248,0.6325127873569727
IGEN 340,Problem solving skills,0.3217876843409613,0.4327807081863284,0.37728419626364484
IGEN 340,Communication skills,0.5837627500295639,0.758806400001049,0.6712845750153065
IGEN 340,Decision-making skills,0.10817125486209989,0.27995796874165535,0.19406461180187762
IGEN 340,Planning and project managing skills,0.23049611109308898,0.5307759363204241,0.38063602370675653
IGEN 340,Networking skills,0.0632967792917043,0.26603740779682994,0.16466709354426712
IGEN 340,Negotiating skills,0.03217382825096138,0.12090308556798846,0.07653845690947492
IGEN 340,Self-Aware,0.25264741480350494,0.7773628681898117,0.5150051414966583
IGEN 340,Enterprising Traits,0.5430772043764591,0.627870786935091,0.5854739956557751
IGEN 340,Self-Directed,0.05826851772144437,0.4182024709880352,0.23823549435473979
IGEN 340,Teamwork,0.4514005705714226,0.4947433127090335,0.47307194164022803
IGEN 340,Uncertainty Management,0.11014783883001655,0.5074924528598785,0.30882014584494755
APSC 383,Entrepreneurial Mindset,0.2802192084491253,0.4233366549015045,0.3517779316753149
APSC 383,Opportunity Recognition,0.2793625071644783,0.24131623655557632,0.2603393718600273
APSC 383,Market Research,0.11010298307519406,0.1937873214483261,0.15194515226176009
APSC 383,Product Development,0.16470462828874588,0.519437164068222,0.34207089617848396
APSC 383,Marketing,0.10464386982494034,0.2508588880300522,0.17775137892749626
APSC 383,Business Modeling,0.14782650768756866,0.22507763653993607,0.18645207211375237
APSC 383,Managerial Decision Making,0.17207268113270402,0.19952690601348877,0.1857997935730964
APSC 383,Legal ,0.05000422149896622,0.040944620966911316,0.045474421232938766
APSC 383,Financial Decision Making,0.1521451734006405,0.18795397877693176,0.17004957608878613
APSC 383,Observational skills,0.18580894533079118,0.5635110065340996,0.3746599759324454
APSC 383,Creativity skills,0.2641459181904793,0.5513069182634354,0.4077264182269573
APSC 383,Problem solving skills,0.24900192022323608,0.2399156466126442,0.24445878341794014
APSC 383,Communication skills,0.4738415078027174,0.6893610060214996,0.5816012569121085
APSC 383,Decision-making skills,0.19176579639315605,0.4186507612466812,0.30520827881991863
APSC 383,Planning and project managing skills,0.1973242610692978,0.2752360552549362,0.236280158162117
APSC 383,Networking skills,0.11357473395764828,0.44763919711112976,0.280606965534389
APSC 383,Negotiating skills,0.05934282252565026,0.19238229095935822,0.12586255674250424
APSC 383,Self-Aware,0.2173073273152113,0.6512212306261063,0.4342642789706588
APSC 383,Enterprising Traits,0.3223974108695984,0.3057575821876526,0.3140774965286255
APSC 383,Self-Directed,0.1074347491376102,0.09015829488635063,0.09879652201198041
APSC 383,Teamwork,0.6914465427398682,0.4331253916025162,0.5622859671711922
APSC 383,Uncertainty Management,0.21651379764080048,0.5061413943767548,0.3613275960087776
BMEG 401,Entrepreneurial Mindset,0.6327873468399048,0.3311081826686859,0.48194776475429535
BMEG 401,Opportunity Recognition,0.260334849357605,0.22113816440105438,0.24073650687932968
BMEG 401,Market Research,0.10799361765384674,0.7681171298027039,0.4380553737282753
BMEG 401,Product Development,0.14631721377372742,0.4659269154071808,0.3061220645904541
BMEG 401,Marketing,0.06636334210634232,0.23291712999343872,0.14964023604989052
BMEG 401,Business Modeling,0.2413199096918106,0.755716860294342,0.4985183849930763
BMEG 401,Managerial Decision Making,0.0252347644418478,0.061659783124923706,0.043447273783385754
BMEG 401,Legal ,0.07577220350503922,0.017620768398046494,0.046696485951542854
BMEG 401,Financial Decision Making,0.0664699599146843,0.8820817470550537,0.474275853484869
BMEG 401,Observational skills,0.38944384455680847,0.8710193634033203,0.6302316039800644
BMEG 401,Creativity skills,0.3108651638031006,0.6609422564506531,0.48590371012687683
BMEG 401,Problem solving skills,0.2540980577468872,0.19265875220298767,0.22337840497493744
BMEG 401,Communication skills,0.43156197667121887,0.9293799996376038,0.6804709881544113
BMEG 401,Decision-making skills,0.18628238141536713,0.9089973568916321,0.5476398691534996
BMEG 401,Planning and project managing skills,0.4874134659767151,0.7840096354484558,0.6357115507125854
BMEG 401,Networking skills,0.04288061708211899,0.5430294871330261,0.29295505210757256
BMEG 401,Negotiating skills,0.04821775481104851,0.40675318241119385,0.22748546861112118
BMEG 401,Self-Aware,0.2919292747974396,0.6474035382270813,0.46966640651226044
BMEG 401,Enterprising Traits,0.4903964102268219,0.2514711916446686,0.37093380093574524
BMEG 401,Self-Directed,0.02331765741109848,0.20801475644111633,0.1156662069261074
BMEG 401,Teamwork,0.5753287076950073,0.7239799499511719,0.6496543288230896
BMEG 401,Uncertainty Management,0.06972021609544754,0.13569381833076477,0.10270701721310616
APSC 440,Entrepreneurial Mindset,0.5056607127189636,0.11720860004425049,0.31143465638160706
APSC 440,Opportunity Recognition,0.21839524805545807,0.24197879433631897,0.23018702119588852
APSC 440,Market Research,0.6184719800949097,0.21847429871559143,0.41847313940525055
APSC 440,Product Development,0.9071621298789978,0.5450483560562134,0.7261052429676056
APSC 440,Marketing,0.5670300722122192,0.5404530763626099,0.5537415742874146
APSC 440,Business Modeling,0.09412126988172531,0.26068469882011414,0.17740298435091972
APSC 440,Managerial Decision Making,0.10063439607620239,0.2069031447172165,0.15376877039670944
APSC 440,Legal ,0.006413227878510952,0.011038252152502537,0.008725740015506744
APSC 440,Financial Decision Making,0.0037781663704663515,0.006103920750319958,0.004941043560393155
APSC 440,Observational skills,0.02364513836801052,0.8702558279037476,0.44695048313587904
APSC 440,Creativity skills,0.04784632846713066,0.513254702091217,0.28055051527917385
APSC 440,Problem solving skills,0.07828666269779205,0.44274240732192993,0.260514535009861
APSC 440,Communication skills,0.6237894296646118,0.7093207836151123,0.6665551066398621
APSC 440,Decision-making skills,0.2647344768047333,0.8721046447753906,0.568419560790062
APSC 440,Planning and project managing skills,0.9927507042884827,0.9971480369567871,0.9949493706226349
APSC 440,Networking skills,0.008000670932233334,0.02195919305086136,0.014979931991547346
APSC 440,Negotiating skills,0.0015882296720519662,0.00919173564761877,0.005389982659835368
APSC 440,Self-Aware,0.01867442950606346,0.5599349141120911,0.28930467180907726
APSC 440,Enterprising Traits,0.11055274307727814,0.18508511781692505,0.1478189304471016
APSC 440,Self-Directed,0.005402286071330309,0.010864854790270329,0.008133570430800319
APSC 440,Teamwork,0.3911110460758209,0.5322953462600708,0.46170319616794586
APSC 440,Uncertainty Management,0.0003638795460574329,0.009178723208606243,0.004771301377331838
DES 445,Entrepreneurial Mindset,0.9287060499191284,0.7565801739692688,0.8426431119441986
DES 445,Opportunity Recognition,0.3075827658176422,0.09221507608890533,0.19989892095327377
DES 445,Market Research,0.17695200443267822,0.03790866956114769,0.10743033699691296
DES 445,Product Development,0.3148956596851349,0.6348188519477844,0.47485725581645966
DES 445,Marketing,0.24212083220481873,0.19718289375305176,0.21965186297893524
DES 445,Business Modeling,0.3841257393360138,0.9095407128334045,0.6468332260847092
DES 445,Managerial Decision Making,0.11071601510047913,0.14516593515872955,0.12794097512960434
DES 445,Legal ,0.1438322216272354,0.011079701595008373,0.07745596161112189
DES 445,Financial Decision Making,0.118194580078125,0.21026921272277832,0.16423189640045166
DES 445,Observational skills,0.06280744075775146,0.1762724220752716,0.11953993141651154
DES 445,Creativity skills,0.9746312499046326,0.962541937828064,0.9685865938663483
DES 445,Problem solving skills,0.1492268294095993,0.09031014144420624,0.11976848542690277
DES 445,Communication skills,0.6693210005760193,0.9837970733642578,0.8265590369701385
DES 445,Decision-making skills,0.17475052177906036,0.039900071918964386,0.10732529684901237
DES 445,Planning and project managing skills,0.8757686614990234,0.9791627526283264,0.9274657070636749
DES 445,Networking skills,0.11130718886852264,0.3347668945789337,0.22303704172372818
DES 445,Negotiating skills,0.07369314134120941,0.15649300813674927,0.11509307473897934
DES 445,Self-Aware,0.3302984833717346,0.9331275820732117,0.6317130327224731
DES 445,Enterprising Traits,0.821799635887146,0.5313450694084167,0.6765723526477814
DES 445,Self-Directed,0.0010587669676169753,0.13187484443187714,0.06646680569974706
DES 445,Teamwork,0.956574022769928,0.5010694265365601,0.728821724653244
DES 445,Uncertainty Management,0.14763738214969635,0.17251071333885193,0.16007404774427414
ENPH 459 & 479,Entrepreneurial Mindset,0.289021372795105,0.4204452633857727,0.35473331809043884
ENPH 459 & 479,Opportunity Recognition,0.17339840531349182,0.04925011470913887,0.11132426001131535
ENPH 459 & 479,Market Research,0.2408887892961502,0.10975979268550873,0.17532429099082947
ENPH 459 & 479,Product Development,0.19554759562015533,0.1777084618806839,0.18662802875041962
ENPH 459 & 479,Marketing,0.2426607459783554,0.20987091958522797,0.2262658327817917
ENPH 459 & 479,Business Modeling,0.1288241446018219,0.12002140283584595,0.12442277371883392
ENPH 459 & 479,Managerial Decision Making,0.14766718447208405,0.32685989141464233,0.2372635379433632
ENPH 459 & 479,Legal ,0.1513938009738922,0.07519575953483582,0.11329478025436401
ENPH 459 & 479,Financial Decision Making,0.035036101937294006,0.1376010775566101,0.08631858974695206
ENPH 459 & 479,Observational skills,0.02677234821021557,0.12863954901695251,0.07770594861358404
ENPH 459 & 479,Creativity skills,0.24756096303462982,0.5820567607879639,0.41480886191129684
ENPH 459 & 479,Problem solving skills,0.24724023044109344,0.11947090178728104,0.18335556611418724
ENPH 459 & 479,Communication skills,0.600013792514801,0.9378277063369751,0.7689207494258881
ENPH 459 & 479,Decision-making skills,0.6739089488983154,0.47587645053863525,0.5748926997184753
ENPH 459 & 479,Planning and project managing skills,0.9674392342567444,0.9446349143981934,0.9560370743274689
ENPH 459 & 479,Networking skills,0.023679709061980247,0.5400866270065308,0.2818831680342555
ENPH 459 & 479,Negotiating skills,0.05192984268069267,0.2724093198776245,0.1621695812791586
ENPH 459 & 479,Self-Aware,0.37045928835868835,0.8447472453117371,0.6076032668352127
ENPH 459 & 479,Enterprising Traits,0.2909716069698334,0.5958293080329895,0.44340045750141144
ENPH 459 & 479,Self-Directed,0.015276815742254257,0.7087790966033936,0.3620279561728239
ENPH 459 & 479,Teamwork,0.6043081879615784,0.59562748670578,0.5999678373336792
ENPH 459 & 479,Uncertainty Management,0.00976614374667406,0.36799299716949463,0.18887957045808434
APSC 486,Entrepreneurial Mindset,0.556316077709198,0.6575605273246765,0.6069383025169373
APSC 486,Opportunity Recognition,0.42708046237627667,0.38611576209465664,0.40659811223546666
APSC 486,Market Research,0.4004108210404714,0.6426869245866934,0.5215488728135824
APSC 486,Product Development,0.4382319102684657,0.6696630716323853,0.5539474909504255
APSC 486,Marketing,0.30775593717892963,0.35090649624665576,0.3293312167127927
APSC 486,Business Modeling,0.5572348783413569,0.5838671823342642,0.5705510303378105
APSC 486,Managerial Decision Making,0.148347037533919,0.2788851782679558,0.21361610790093738
APSC 486,Legal ,0.06667029485106468,0.22211558263128003,0.14439293874117237
APSC 486,Financial Decision Making,0.3181869213779767,0.24064179013172785,0.2794143557548523
APSC 486,Observational skills,0.35272881388664246,0.7736939887205759,0.5632114013036091
APSC 486,Creativity skills,0.7422434488932291,0.8493436773618063,0.7957935631275177
APSC 486,Problem solving skills,0.531928151845932,0.5620279088616371,0.5469780303537846
APSC 486,Communication skills,0.4588902567823728,0.6792886257171631,0.5690894412497679
APSC 486,Decision-making skills,0.7520076632499695,0.7451715668042501,0.7485896150271099
APSC 486,Planning and project managing skills,0.7374028960863749,0.6769705067078272,0.707186701397101
APSC 486,Networking skills,0.12763449052969614,0.1935244301954905,0.16057946036259332
APSC 486,Negotiating skills,0.03200691814223925,0.3151973485946655,0.1736021333684524
APSC 486,Self-Aware,0.3009316623210907,0.8885779976844788,0.5947548300027847
APSC 486,Enterprising Traits,0.5857970466216406,0.6367562015851339,0.6112766241033872
APSC 486,Self-Directed,0.0634259923050801,0.2902844001849492,0.17685519624501467
APSC 486,Teamwork,0.7738887270291647,0.6525993446509043,0.7132440358400345
APSC 486,Uncertainty Management,0.33392363289992016,0.5568657151112953,0.4453946740056077
FCOR 502,Entrepreneurial Mindset,0.7667226791381836,0.7292262017726898,0.7479744404554367
FCOR 502,Opportunity Recognition,0.3683423474431038,0.4120776243507862,0.390209985896945
FCOR 502,Market Research,0.12938319891691208,0.21670374646782875,0.17304347269237041
FCOR 502,Product Development,0.1712881475687027,0.4809572100639343,0.3261226788163185
FCOR 502,Marketing,0.061312753707170486,0.07528562843799591,0.0682991910725832
FCOR 502,Business Modeling,0.39665868878364563,0.631945937871933,0.5143023133277893
FCOR 502,Managerial Decision Making,0.08215093053877354,0.19303413480520248,0.137592532671988
FCOR 502,Legal ,0.02898300439119339,0.01026714127510786,0.019625072833150625
FCOR 502,Financial Decision Making,0.11652761325240135,0.2982773035764694,0.2074024584144354
FCOR 502,Observational skills,0.15110391099005938,0.47807440161705017,0.3145891563035548
FCOR 502,Creativity skills,0.5236297994852066,0.7779211401939392,0.6507754698395729
FCOR 502,Problem solving skills,0.27209778130054474,0.35498085245490074,0.31353931687772274
FCOR 502,Communication skills,0.7600357532501221,0.6448477804660797,0.7024417668581009
FCOR 502,Decision-making skills,0.4494433328509331,0.5440699011087418,0.4967566169798374
FCOR 502,Planning and project managing skills,0.48199708200991154,0.5590949505567551,0.5205460162833333
FCOR 502,Networking skills,0.09623963385820389,0.3925295751541853,0.2443846045061946
FCOR 502,Negotiating skills,0.03870801720768213,0.19957290589809418,0.11914046155288815
FCOR 502,Self-Aware,0.24190221168100834,0.872964471578598,0.5574333416298032
FCOR 502,Enterprising Traits,0.6849121749401093,0.5501353889703751,0.6175237819552422
FCOR 502,Self-Directed,0.10131951491348445,0.14181658625602722,0.12156805058475584
FCOR 502,Teamwork,0.6060813069343567,0.5163900926709175,0.5612356998026371
FCOR 502,Uncertainty Management,0.1034607463516295,0.4627940058708191,0.2831273761112243
APSC 540,Entrepreneurial Mindset,0.6962011873722076,0.6287448763847351,0.6624730318784713
APSC 540,Opportunity Recognition,0.47441511750221255,0.4163009196519852,0.4453580185770989
APSC 540,Market Research,0.39183964133262633,0.5102368395775556,0.451038240455091
APSC 540,Product Development,0.3077639639377594,0.40373620092868806,0.3557500824332237
APSC 540,Marketing,0.3740101456642151,0.45111127495765685,0.412560710310936
APSC 540,Business Modeling,0.6320925831794739,0.7273798495531082,0.679736216366291
APSC 540,Managerial Decision Making,0.2207927316427231,0.247939270734787,0.23436600118875506
APSC 540,Legal ,0.16180876195430755,0.19016526266932487,0.1759870123118162
APSC 540,Financial Decision Making,0.301362107694149,0.4008272051811218,0.3510946564376354
APSC 540,Observational skills,0.3480975031852722,0.572181236743927,0.4601393699645996
APSC 540,Creativity skills,0.4854434490203857,0.8363658785820007,0.6609046638011933
APSC 540,Problem solving skills,0.3564749151468277,0.30140950679779055,0.32894221097230913
APSC 540,Communication skills,0.6744545981287956,0.8012893199920654,0.7378719590604306
APSC 540,Decision-making skills,0.4355416834354401,0.5632544577121734,0.49939807057380675
APSC 540,Planning and project managing skills,0.3790916547179222,0.38713812083005905,0.3831148877739906
APSC 540,Networking skills,0.36335902065038683,0.2553298756480217,0.30934444814920425
APSC 540,Negotiating skills,0.21632307320833205,0.29557089805603026,0.25594698563218116
APSC 540,Self-Aware,0.3917138308286667,0.8502827048301697,0.6209982678294181
APSC 540,Enterprising Traits,0.694944429397583,0.5751682817935944,0.6350563555955887
APSC 540,Self-Directed,0.15684763095341622,0.4907763734459877,0.32381200219970196
APSC 540,Teamwork,0.5293376445770264,0.40160709619522095,0.46547237038612366
APSC 540,Uncertainty Management,0.4091898798942566,0.5666853606700897,0.48793762028217313
BAPA 580,Entrepreneurial Mindset,0.6329139272371928,0.336679524431626,0.48479672583440936
BAPA 580,Opportunity Recognition,0.454786757628123,0.15047664692004523,0.3026317022740841
BAPA 580,Market Research,0.30385303497314453,0.17934269830584526,0.2415978666394949
BAPA 580,Product Development,0.11511987044165532,0.2654259722524633,0.1902729213470593
BAPA 580,Marketing,0.11589570467670758,0.2200251342728734,0.16796041947479048
BAPA 580,Business Modeling,0.2195225010315577,0.24728548138712844,0.23340399120934308
BAPA 580,Managerial Decision Making,0.17871635034680367,0.37382963796456653,0.27627299415568507
BAPA 580,Legal ,0.133917315552632,0.2869471477752086,0.21043223166392028
BAPA 580,Financial Decision Making,0.20561990902448693,0.24821754832131168,0.2269187286728993
BAPA 580,Observational skills,0.44941409925619763,0.9326488773028055,0.6910314882795016
BAPA 580,Creativity skills,0.30612816972037155,0.3554305862635374,0.33077937799195445
BAPA 580,Problem solving skills,0.5095827380816141,0.5664254128932953,0.5380040754874547
BAPA 580,Communication skills,0.654440701007843,0.5908645888169607,0.6226526449124019
BAPA 580,Decision-making skills,0.41953423619270325,0.7287373741467794,0.5741358051697414
BAPA 580,Planning and project managing skills,0.4937250018119812,0.336603802939256,0.4151644023756186
BAPA 580,Networking skills,0.31434195799132186,0.34411396458745,0.3292279612893859
BAPA 580,Negotiating skills,0.15585599389548102,0.24740377503136793,0.20162988446342447
BAPA 580,Self-Aware,0.28129299481709796,0.7818077603975931,0.5315503776073456
BAPA 580,Enterprising Traits,0.5593040386835734,0.40826889624198276,0.4837864674627781
BAPA 580,Self-Directed,0.06994699345280726,0.3444054424762726,0.20717621796453992
BAPA 580,Teamwork,0.5941947400569916,0.3947237834023933,0.49445926172969246
BAPA 580,Uncertainty Management,0.15864360992175838,0.07984840745727222,0.11924600868951529
